{
    "errorType": {
        "identifier": "ERROR",
        "parentErrorType": {
            "identifier": "ANY",
            "parentErrorType": null,
            "namespace": "MULE"
        },
        "namespace": "OKTA"
    },
    "childErrors": [],
    "errorMessage": {
        "inboundAttachmentNames": [],
        "exceptionPayload": null,
        "inboundPropertyNames": [],
        "outboundAttachmentNames": [],
        "payload": {
            "errorCode": "E0000001",
            "errorSummary": "Api validation failed: login",
            "errorLink": "E0000001",
            "errorId": "oaeM9ha2knsSw-xuXKlcP2aqA",
            "errorCauses": [
                {
                    "errorSummary": "login: An object with this field already exists in the current organization"
                }
            ]
        },
        "outboundPropertyNames": [],
        "attributes": {
            "headers": {
                "date": "Fri, 15 May 2020 12:55:28 GMT",
                "content-type": "application/json",
                "transfer-encoding": "chunked",
                "connection": "keep-alive",
                "server": "nginx",
                "public-key-pins-report-only": "pin-sha256=\"r5EfzZxQVvQpKo3AgYRaT7X2bDO/kj3ACwmxfdT2zt8=\"; pin-sha256=\"MaqlcUgk2mvY/RFSGeSwBRkI+rZ6/dxe/DuQfBT/vnQ=\"; pin-sha256=\"72G5IEvDEWn+EThf3qjR7/bQSWaS2ZSLqolhnO6iyJI=\"; pin-sha256=\"rrV6CLCCvqnk89gWibYT0JO6fNQ8cCit7GGoiVTjCOg=\"; max-age=60; report-uri=\"https://okta.report-uri.com/r/default/hpkp/reportOnly\"",
                "x-okta-request-id": "Xr6RQBcYe3CZQY5sUAKDngAADmM",
                "x-xss-protection": "1; mode=block; report=https://okta.report-uri.com/r/d/xss/enforce",
                "p3p": "CP=\"HONK\"",
                "x-rate-limit-limit": "600",
                "x-rate-limit-remaining": "599",
                "x-rate-limit-reset": "1589547388",
                "cache-control": "no-cache, no-store",
                "pragma": "no-cache",
                "expires": "0",
                "content-security-policy-report-only": "default-src 'self' *.oktacdn.com dev-938428.okta.com; connect-src 'self' *.oktacdn.com *.mixpanel.com *.mapbox.com app.pendo.io data.pendo.io pendo-static-5634101834153984.storage.googleapis.com dev-938428.okta.com dev-938428-admin.okta.com https://oinmanager.okta.com data:; script-src 'unsafe-inline' 'unsafe-eval' 'self' *.oktacdn.com; style-src 'unsafe-inline' 'self' *.oktacdn.com app.pendo.io cdn.pendo.io pendo-static-5634101834153984.storage.googleapis.com; frame-src 'self' login.okta.com dev-938428.okta.com dev-938428-admin.okta.com; img-src 'self' *.oktacdn.com dev-938428.okta.com *.tiles.mapbox.com *.mapbox.com app.pendo.io data.pendo.io cdn.pendo.io pendo-static-5634101834153984.storage.googleapis.com data: blob:; font-src data: 'self' *.oktacdn.com fonts.gstatic.com; report-uri https://okta.report-uri.com/r/d/csp/reportOnly; report-to csp-report",
                "report-to": "{\"group\":\"csp-report\",\"max_age\":31536000,\"endpoints\":[{\"url\":\"https://okta.report-uri.com/r/d/csp/reportOnly\"}],\"include_subdomains\":true}",
                "x-content-type-options": "nosniff",
                "set-cookie": "JSESSIONID=DFBC8F86C0C63A49BCD098D7CCBBE513; Path=/; Secure; HttpOnly"
            },
            "reasonPhrase": "Bad Request",
            "statusCode": 400
        }
    },
    "cause": {
        "localizedMessage": "HTTP POST on resource 'https://dev-938428.okta.com:443/api/v1/users?activate=true' failed: bad request (400).",
        "errorMessage": {
            "inboundAttachmentNames": [],
            "exceptionPayload": null,
            "inboundPropertyNames": [],
            "outboundAttachmentNames": [],
            "payload": {
                "errorCode": "E0000001",
                "errorSummary": "Api validation failed: login",
                "errorLink": "E0000001",
                "errorId": "oaeM9ha2knsSw-xuXKlcP2aqA",
                "errorCauses": [
                    {
                        "errorSummary": "login: An object with this field already exists in the current organization"
                    }
                ]
            },
            "outboundPropertyNames": [],
            "attributes": {
                "headers": {
                    "date": "Fri, 15 May 2020 12:55:28 GMT",
                    "content-type": "application/json",
                    "transfer-encoding": "chunked",
                    "connection": "keep-alive",
                    "server": "nginx",
                    "public-key-pins-report-only": "pin-sha256=\"r5EfzZxQVvQpKo3AgYRaT7X2bDO/kj3ACwmxfdT2zt8=\"; pin-sha256=\"MaqlcUgk2mvY/RFSGeSwBRkI+rZ6/dxe/DuQfBT/vnQ=\"; pin-sha256=\"72G5IEvDEWn+EThf3qjR7/bQSWaS2ZSLqolhnO6iyJI=\"; pin-sha256=\"rrV6CLCCvqnk89gWibYT0JO6fNQ8cCit7GGoiVTjCOg=\"; max-age=60; report-uri=\"https://okta.report-uri.com/r/default/hpkp/reportOnly\"",
                    "x-okta-request-id": "Xr6RQBcYe3CZQY5sUAKDngAADmM",
                    "x-xss-protection": "1; mode=block; report=https://okta.report-uri.com/r/d/xss/enforce",
                    "p3p": "CP=\"HONK\"",
                    "x-rate-limit-limit": "600",
                    "x-rate-limit-remaining": "599",
                    "x-rate-limit-reset": "1589547388",
                    "cache-control": "no-cache, no-store",
                    "pragma": "no-cache",
                    "expires": "0",
                    "content-security-policy-report-only": "default-src 'self' *.oktacdn.com dev-938428.okta.com; connect-src 'self' *.oktacdn.com *.mixpanel.com *.mapbox.com app.pendo.io data.pendo.io pendo-static-5634101834153984.storage.googleapis.com dev-938428.okta.com dev-938428-admin.okta.com https://oinmanager.okta.com data:; script-src 'unsafe-inline' 'unsafe-eval' 'self' *.oktacdn.com; style-src 'unsafe-inline' 'self' *.oktacdn.com app.pendo.io cdn.pendo.io pendo-static-5634101834153984.storage.googleapis.com; frame-src 'self' login.okta.com dev-938428.okta.com dev-938428-admin.okta.com; img-src 'self' *.oktacdn.com dev-938428.okta.com *.tiles.mapbox.com *.mapbox.com app.pendo.io data.pendo.io cdn.pendo.io pendo-static-5634101834153984.storage.googleapis.com data: blob:; font-src data: 'self' *.oktacdn.com fonts.gstatic.com; report-uri https://okta.report-uri.com/r/d/csp/reportOnly; report-to csp-report",
                    "report-to": "{\"group\":\"csp-report\",\"max_age\":31536000,\"endpoints\":[{\"url\":\"https://okta.report-uri.com/r/d/csp/reportOnly\"}],\"include_subdomains\":true}",
                    "x-content-type-options": "nosniff",
                    "set-cookie": "JSESSIONID=DFBC8F86C0C63A49BCD098D7CCBBE513; Path=/; Secure; HttpOnly"
                },
                "reasonPhrase": "Bad Request",
                "statusCode": 400
            }
        },
        "cause": {
            "localizedMessage": "HTTP POST on resource 'https://dev-938428.okta.com:443/api/v1/users?activate=true' failed: bad request (400).",
            "cause": null,
            "message": "HTTP POST on resource 'https://dev-938428.okta.com:443/api/v1/users?activate=true' failed: bad request (400).",
            "stackTrace": [],
            "suppressed": []
        },
        "type": "BAD_REQUEST",
        "message": "HTTP POST on resource 'https://dev-938428.okta.com:443/api/v1/users?activate=true' failed: bad request (400).",
        "stackTrace": [],
        "suppressed": []
    },
    "description": "HTTP POST on resource 'https://dev-938428.okta.com:443/api/v1/users?activate=true' failed: bad request (400).",
    "detailedDescription": "HTTP POST on resource 'https://dev-938428.okta.com:443/api/v1/users?activate=true' failed: bad request (400)."
}